Id	Hora de inicio	Hora de finalización	Correo electrónico	Semana	Dia 	Mes	Fecha	CD	Gerencia	Diferencia( Base - Total Estibas) 	Total Estibas ABC	Base	Tipo A	Tipo B	Tipo C	Capacidad de Estibas 	Hl por verter	# Isotanques Llenos 	# Isotanques en proceso	# Isotanques vacíos 	# Isotanques Averiados	# De personas dedicadas a Vertimiento	Si hay isotanques averiados, describa la novedad.
1	3/07/2026 15:10	3/07/2026 15:11	anonymous	27	3	julio	3/07/2026	Galapa	Barranquilla	1963	2513	550	2455	13	45	1	2	1	1	1	1	1	válvula 
2	3/07/2026 16:40	3/07/2026 16:41	anónimo	27	3	julio	3/07/2026	Caucasia	Córdoba	181	231	50	198	33	0	232	0	0	1	1	0	0	0
3	6/07/2026 7:39	6/07/2026 7:40	anónimo	28	6	julio	6/07/2026	Caucasia	Córdoba	181	231	50	198	33	0	232	3	2	0	0	0	0	0
4	6/07/2026 8:09	6/07/2026 8:10	anónimo	28	6	julio	6/07/2026	Montería	Córdoba	669	869	200	869	0	0	440	5	0	1	3	0	1	N/A
5	6/07/2026 8:24	6/07/2026 8:25	anónimo	28	6	julio	6/07/2026	Magangué	Sincelejo	95	145	50	127	18	0	220	0	0	1	2	0	0	2
6	6/07/2026 8:29	6/07/2026 8:32	anónimo	28	6	julio	6/07/2026	Curumaní	Valledupar	19	41	22	2	36	3	7	76	0	0	1	1	0	Si tenemos un Isotanque en mal estado, y a la espera que nos lleguen más Isotanques para poder vertir el producto que falta. 
7	6/07/2026 9:34	6/07/2026 9:35	anónimo	28	6	julio	6/07/2026	Turbaco	Cartagena	569	969	400	400	559	10	1518	2	1	1	0	0	1	Se requieren isotanques en el cd. 
8	6/07/2026 9:43	6/07/2026 9:45	anónimo	28	6	julio	6/07/2026	Fonseca 	Valledupar	103	143	40	42	100	1	264	0	0	1	2	0	1	No tenemos 
9	6/07/2026 9:46	6/07/2026 9:48	anónimo	28	6	julio	6/07/2026	Valledupar	Valledupar	-242	58	300	15	43	0	856	43	1	1	4	1	0	Válvula averida 
10	6/07/2026 11:13	6/07/2026 11:14	anónimo	28	6	julio	6/07/2026	Corozal	Sincelejo	374	624	250	222	396	6	250	12	0	1	7	0	1	0
11	6/07/2026 11:09	6/07/2026 11:16	anónimo	28	6	julio	6/07/2026	Riohacha	Santa Marta	76	276	200	80	190	6	2861	19	2	1	5	0	1	N/A
12	6/07/2026 12:38	6/07/2026 12:40	anónimo	28	6	julio	6/07/2026	Apartadó	Córdoba	565	570	5	0	570	0	286	5	0	1	1	0	0	N/A
13	6/07/2026 14:39	6/07/2026 14:43	anónimo	28	6	julio	6/07/2026	Cúcuta	Cúcuta	357	707	350	661	0	46	1552	32	1	0	9	0	2	0
14	6/07/2026 14:58	6/07/2026 15:00	anónimo	28	6	julio	6/07/2026	Santa Marta	Santa Marta	395	795	400	38	687	70	400	4	5	0	2	0	1	.
15	7/07/2026 8:07	7/07/2026 8:07	anónimo	28	7	julio	7/07/2026	Magangué	Sincelejo	36	86	50	54	32	0	220	0	0	1	2	0	0	0
16	7/07/2026 6:13	7/07/2026 8:36	anónimo	28	7	julio	7/07/2026	Corozal	Sincelejo	432	682	250	280	396	6	250	15	0	1	7	0	1	0
17	8/07/2026 7:48	8/07/2026 7:51	anónimo	28	8	julio	8/07/2026	Curumaní	Valledupar	72	94	22	4	88	2	7	6	0	0	0	0	0	No tenemos Isotanque, estamos a la espera de Isotanque para verte el producto que tenemos por vertir.
18	8/07/2026 8:34	8/07/2026 8:37	anónimo	28	8	julio	8/07/2026	Cúcuta	Cúcuta	-205	145	350	96	0	49	1552	29	2	0	4	0	1	0
19	8/07/2026 7:24	8/07/2026 8:50	anónimo	28	8	julio	8/07/2026	Corozal	Sincelejo	543	793	250	391	396	6	250	15	0	1	0	0	1	0
20	8/07/2026 9:07	8/07/2026 9:10	anónimo	28	8	julio	8/07/2026	Riohacha	Santa Marta	181	381	200	99	280	2	1100	4	0	1	5	1	1	Rotura
21	8/07/2026 9:14	8/07/2026 9:15	anónimo	28	8	julio	8/07/2026	Fonseca 	Valledupar	249	289	40	90	197	2	264	0	0	1	2	0	1	No aplica
22	8/07/2026 9:15	8/07/2026 9:17	anónimo	28	8	julio	8/07/2026	Arenosa	Barranquilla	2579	2879	300	580	2299	0	3000	31	0	0	2	1	2	0
23	8/07/2026 9:24	8/07/2026 9:27	anónimo	28	8	julio	8/07/2026	Turbaco	Cartagena	496	896	400	400	486	10	1518	2	1	1	0	1	1	Se requieren isotanques. 
24	8/07/2026 9:31	8/07/2026 9:32	anónimo	28	8	julio	8/07/2026	Montería	Córdoba	306	506	200	506	0	0	440	10	0	1	3	0	1	N/A
25	8/07/2026 9:47	8/07/2026 9:52	anónimo	28	8	julio	8/07/2026	Valledupar	Valledupar	140	440	300	90	330	20	856	34	1	1	4	1	1	Válvula averida 
26	8/07/2026 10:45	8/07/2026 10:46	anónimo	28	8	julio	8/07/2026	Magangué	Sincelejo	38	88	50	67	21	0	220	0	0	1	2	0	0	0
27	8/07/2026 11:37	8/07/2026 11:38	anónimo	28	8	julio	8/07/2026	Apartadó	Córdoba	598	603	5	0	603	0	286	5	0	1	1	0	0	n/a
28	9/07/2026 6:26	9/07/2026 7:25	anónimo	28	9	julio	9/07/2026	Corozal	Sincelejo	443	693	250	291	396	6	250	15	0	1	6	0	1	0
29	9/07/2026 7:58	9/07/2026 8:00	anónimo	28	9	julio	9/07/2026	Magangué	Sincelejo	38	88	50	67	21	0	220	0	0	1	2	0	0	0
30	9/07/2026 9:39	9/07/2026 9:41	anónimo	28	9	julio	9/07/2026	Santa Marta	Santa Marta	24	424	400	26	328	70	400	8	4	0	0	0	1	.
31	9/07/2026 14:29	9/07/2026 14:30	anónimo	28	8	julio	8/07/2026	Galapa	Barranquilla	683	1233	550	0	1090	143	300	43	1	1	16	4	3	Válvula 
32	10/07/2026 8:06	10/07/2026 8:07	anónimo	28	10	julio	10/07/2026	Montería	Córdoba	-2	198	200	198	0	0	440	0	0	0	3	0	0	N/A
33	10/07/2026 8:24	10/07/2026 8:26	anónimo	28	10	julio	10/07/2026	Turbaco	Cartagena	1025	1425	400	408	1000	17	1508	0	0	1	2	0	1	No hay 
34	10/07/2026 8:27	10/07/2026 8:27	anónimo	28	10	julio	10/07/2026	Magangué	Sincelejo	22	72	50	57	15	0	220	0	0	1	2	0	0	0
35	10/07/2026 8:28	10/07/2026 8:29	anónimo	28	10	julio	10/07/2026	Apartadó	Córdoba	626	631	5	0	631	0	286	0	1	1	0	0	1	N/A
36	10/07/2026 8:42	10/07/2026 8:45	anónimo	28	10	julio	10/07/2026	Curumaní	Valledupar	258	280	22	7	270	3	6	65	0	1	1	0	2	No, en el momento no tenemos Isotanque en mal estado. 
37	10/07/2026 8:56	10/07/2026 8:57	anónimo	28	10	julio	10/07/2026	Cúcuta	Cúcuta	723	1073	350	1001	0	72	1552	39	0	0	12	0	1	0
38	10/07/2026 9:45	10/07/2026 9:47	anónimo	28	10	julio	10/07/2026	Fonseca 	Valledupar	86	126	40	35	90	1	264	0	0	1	2	0	1	No aplica
39	10/07/2026 8:35	10/07/2026 9:48	anónimo	28	10	julio	10/07/2026	Corozal	Sincelejo	425	675	250	266	396	13	250	15	0	1	6	0	1	0
40	10/07/2026 6:58	10/07/2026 10:51	anónimo	28	10	julio	10/07/2026	Riohacha	Santa Marta	441	641	200	172	466	3	2186	5	0	1	5	0	1	Rotura
41	10/07/2026 11:52	10/07/2026 11:53	anónimo	29	17	julio	17/07/2026	Valledupar	Valledupar	-25	275	300	60	215	0	856	33	1	1	4	1	0	Válvula averiada
42	10/07/2026 11:55	10/07/2026 11:56	anónimo	28	10	julio	10/07/2026	Arenosa	Barranquilla	1932	2232	300	370	1862	0	3000	10	0	0	2	1	2	isotanque dañado
43	3/07/2026 16:40	10/07/2026 16:41	anónimo	28	10	julio	10/07/2026	Caucasia	Córdoba	181	231	50	198	33	0	232	0	0	1	1	0	0	0
43	10/07/2026 12:22	10/07/2026 12:25	anónimo	28	10	julio	10/07/2026	Santa Marta	Santa Marta	64	464	400	40	268	156	5495	0	0	0	0	0	0	Na
44	10/07/2026 8:24	10/07/2026 8:25	anónimo	28	10	julio	10/07/2026	Valledupar	Valledupar	-32	268	300	70	198	0	856	33	1	1	4	1	0	Válvula averida 
45	11/07/2026 8:40	11/07/2026 8:52	anónimo	28	11	julio	11/07/2026	Turbaco	Cartagena	627	1027	400	400	610	17	1508	61	0	1	4	0	1	S/N
46	13/07/2026 9:33	13/07/2026 9:35	anónimo	29	13	julio	13/07/2026	Curumaní	Valledupar	42	64	22	4	56	4	6	625	0	1	4	0	1	No tenemos Isotanque en mal estado.
47	14/07/2026 7:35	14/07/2026 7:37	anónimo	29	14	julio	14/07/2026	Montería	Córdoba	60	260	200	176	0	84	440	0	0	0	3	0	0	n/a
48	14/07/2026 7:35	14/07/2026 7:37	anónimo	29	14	julio	14/07/2026	Fonseca 	Valledupar	232	272	40	90	181	1	264	0	0	1	2	0	2	No aplica
49	14/07/2026 7:54	14/07/2026 7:59	anónimo	29	14	julio	14/07/2026	Turbaco	Cartagena	754	1154	400	500	636	18	1508	38	0	1	4	0	1	NO 
50	14/07/2026 7:32	14/07/2026 8:03	anónimo	29	14	julio	14/07/2026	Riohacha	Santa Marta	460	660	200	219	436	5	2186	3	0	1	4	1	1	Rotura
51	14/07/2026 8:18	14/07/2026 8:22	anónimo	29	14	julio	14/07/2026	Apartadó	Córdoba	673	678	5	0	678	0	678	0	0	2	0	2	0	rotos 
52	14/07/2026 8:17	14/07/2026 8:28	anónimo	29	14	julio	14/07/2026	Magangué	Sincelejo	58	108	50	88	20	0	220	0	0	1	2	0	1	0
53	14/07/2026 8:35	14/07/2026 8:38	anónimo	29	14	julio	14/07/2026	Corozal	Sincelejo	214	464	250	51	396	17	250	16	0	1	6	0	1	0
54	14/07/2026 9:04	14/07/2026 9:11	anónimo	29	14	julio	14/07/2026	Valledupar	Valledupar	272	572	300	130	422	20	856	13	1	1	6	1	1	Válvula averiada 
55	14/07/2026 9:16	14/07/2026 9:17	anónimo	29	14	julio	14/07/2026	Turbaco	Cartagena	754	1154	400	500	636	18	1518	23	1	1	0	0	1	Se requieren isotanques.
56	14/07/2026 9:23	14/07/2026 9:27	anónimo	29	14	julio	14/07/2026	Caucasia	Córdoba	181	231	50	198	33	0	232	0	2	0	1	0	0	0
57	14/07/2026 13:37	14/07/2026 13:41	anónimo	29	14	julio	14/07/2026	Arenosa	Barranquilla	4700	5000	300	248	4752	0	5000	8	0	0	2	1	2	o
58	14/07/2026 16:05	14/07/2026 16:08	anónimo	29	14	julio	14/07/2026	Santa Marta	Santa Marta	-35	365	400	46	163	156	5459	1	0	0	0	0	2	No hay
59	15/07/2026 6:52	15/07/2026 6:53	anónimo	29	15	julio	15/07/2026	Fonseca 	Valledupar	88	128	40	30	97	1	264	0	0	1	2	0	1	No aplica 
60	15/07/2026 8:00	15/07/2026 8:03	anónimo	29	15	julio	15/07/2026	Magangué	Sincelejo	37	87	50	66	21	0	220	0	0	1	2	0	1	0
61	15/07/2026 8:15	15/07/2026 8:22	anónimo	29	15	julio	15/07/2026	Corozal	Sincelejo	249	499	250	244	238	17	250	21	0	1	6	0	1	0
62	15/07/2026 8:32	15/07/2026 8:34	anónimo	29	15	julio	15/07/2026	Turbaco	Cartagena	777	1177	400	500	659	18	1508	60	0	1	4	0	1	NO
63	15/07/2026 9:00	15/07/2026 9:05	anónimo	29	15	julio	15/07/2026	Curumaní	Valledupar	46	68	22	3	60	5	5	57	1	1	2	0	1	No tenemos Isotanque averiados 
64	15/07/2026 9:11	15/07/2026 9:13	anónimo	29	15	julio	15/07/2026	Turbaco	Cartagena	777	1177	400	500	659	18	1518	22	1	1	2	0	1	No tenemos isotanques averiados. 
65	15/07/2026 9:41	15/07/2026 9:41	anónimo	29	15	julio	15/07/2026	Montería	Córdoba	20	220	200	220	0	0	440	0	0	0	3	0	0	N/A
66	15/07/2026 7:24	15/07/2026 9:54	anónimo	29	15	julio	15/07/2026	Riohacha	Santa Marta	219	419	200	116	297	6	2186	5	0	1	4	0	1	0
67	15/07/2026 10:11	15/07/2026 10:13	anónimo	29	15	julio	15/07/2026	Valledupar	Valledupar	354	654	300	180	454	20	856	11	1	1	6	2	1	Válvula averida 
68	15/07/2026 10:22	15/07/2026 10:24	anónimo	29	15	julio	15/07/2026	Cúcuta	Cúcuta	448	798	350	726	0	72	1552	29	0	0	14	0	1	0
69	15/07/2026 15:25	15/07/2026 15:26	anónimo	29	15	julio	15/07/2026	Santa Marta	Santa Marta	-86	314	400	30	284	0	400	3	1	0	0	0	4	.
70	16/07/2026 7:49	16/07/2026 7:51	anónimo	29	16	julio	16/07/2026	Turbaco	Cartagena	701	1101	400	400	683	18	1508	60	0	1	4	0	1	No
71	16/07/2026 7:41	16/07/2026 8:17	anónimo	29	16	julio	16/07/2026	Magangué	Sincelejo	72	122	50	90	32	0	220	0	0	1	2	0	0	0
72	16/07/2026 9:10	16/07/2026 9:15	anónimo	29	16	julio	16/07/2026	Corozal	Sincelejo	336	586	250	325	238	23	250	26	0	1	6	0	1	0
73	17/07/2026 7:34	17/07/2026 7:36	anónimo	29	17	julio	17/07/2026	Fonseca 	Valledupar	202	242	40	80	161	1	264	0	0	1	2	0	1	No aplica
74	17/07/2026 8:11	17/07/2026 8:12	anónimo	29	17	julio	17/07/2026	Magangué	Sincelejo	10	60	50	33	19	8	220	0	0	1	2	0	1	0
75	17/07/2026 7:33	17/07/2026 9:10	anónimo	29	17	julio	17/07/2026	Riohacha	Santa Marta	511	711	200	254	450	7	2186	6	0	1	4	0	0	N/A
76	17/07/2026 9:13	17/07/2026 9:14	anónimo	29	17	julio	17/07/2026	Curumaní	Valledupar	108	130	22	5	117	8	5	52	0	1	5	0	1	No tenemos Isotanque en mal estado. 
77	17/07/2026 9:33	17/07/2026 9:35	anónimo	29	17	julio	17/07/2026	Montería	Córdoba	262	462	200	462	0	0	440	0	0	0	3	0	0	N/A
78	17/07/2026 9:48	17/07/2026 9:50	anónimo	29	17	julio	17/07/2026	Turbaco	Cartagena	144	544	400	200	325	19	1508	64	0	1	4	0	1	No
79	17/07/2026 10:01	17/07/2026 10:33	anónimo	29	17	julio	17/07/2026	Valledupar	Valledupar	-168	132	300	30	102	0	856	10	2	0	4	1	1	Válvula averida 
80	17/07/2026 10:47	17/07/2026 11:05	anónimo	29	17	julio	17/07/2026	Cúcuta	Cúcuta	327	677	350	652	0	25	1552	28	0	0	13	0	2	0
81	17/07/2026 11:29	17/07/2026 11:31	anónimo	29	17	julio	17/07/2026	Apartadó	Córdoba	743	748	5	0	748	0	286	0	0	2	0	2	0	rotos 
82	17/07/2026 12:38	17/07/2026 12:43	anónimo	29	17	julio	17/07/2026	Santa Marta	Santa Marta	-231	169	400	16	125	28	5459	0	0	0	0	0	0	0
83	17/07/2026 12:44	17/07/2026 12:45	anónimo	29	17	julio	17/07/2026	Caucasia	Córdoba	184	234	50	198	36	0	232	0	0	0	1	0	0	0
84	17/07/2026 12:53	17/07/2026 13:00	anónimo	29	17	julio	17/07/2026	Galapa	Barranquilla	1126	1676	550	0	1518	158	0	0	4	0	12	4	1	A
85	18/07/2026 9:17	18/07/2026 9:19	anónimo	29	18	julio	18/07/2026	Turbaco	Cartagena	296	696	400	200	477	19	1508	68	1	0	4	0	1	No
86	20/07/2026 7:46	20/07/2026 7:48	anónimo	30	20	julio	20/07/2026	Curumaní	Valledupar	149	171	22	5	163	3	5	49	1	1	5	0	1	No tenemos Isotanque en mal estado 
87	20/07/2026 8:58	20/07/2026 9:01	anónimo	30	20	julio	20/07/2026	Galapa	Barranquilla	496	1046	550	0	880	166	0	1170	4	0	12	4	1	Válvulas averiadas
88	20/07/2026 11:03	20/07/2026 11:05	anónimo	30	20	julio	20/07/2026	Cúcuta	Cúcuta	745	1095	350	707	300	88	1552	12	1	0	16	0	1	0
89	20/07/2026 23:27	20/07/2026 23:28	anónimo	30	20	julio	20/07/2026	Santa Marta	Santa Marta	-49	351	400	22	285	44	400	0	0	0	0	0	0	.
90	21/07/2026 7:14	21/07/2026 7:16	anónimo	30	21	julio	21/07/2026	Turbaco	Cartagena	274	674	400	200	455	19	1508	106	0	1	5	0	1	NO
91	21/07/2026 7:17	21/07/2026 7:50	anónimo	30	21	julio	21/07/2026	Santa Marta	Santa Marta	-192	208	400	25	145	38	5459	0	0	0	0	0	0	0
92	21/07/2026 8:16	21/07/2026 8:18	anónimo	30	21	julio	21/07/2026	Arenosa	Barranquilla	3488	3788	300	160	3628	0	4000	48	0	1	1	0	2	0
93	21/07/2026 8:18	21/07/2026 8:22	anónimo	30	21	julio	21/07/2026	Corozal	Sincelejo	858	1108	250	160	925	23	250	30	0	1	5	0	1	0
94	21/07/2026 8:37	21/07/2026 8:39	anónimo	30	20	julio	20/07/2026	Fonseca 	Valledupar	281	321	40	90	230	1	264	0	0	1	2	0	1	No aplica
95	21/07/2026 9:14	21/07/2026 9:32	anónimo	30	21	julio	21/07/2026	Turbaco	Cartagena	361	761	400	400	342	19	1518	24	1	3	2	0	1	NO
96	21/07/2026 9:24	21/07/2026 9:37	anónimo	30	21	julio	21/07/2026	Magangué	Sincelejo	89	139	50	120	19	0	220	0	0	1	2	0	1	0
97	21/07/2026 9:49	21/07/2026 9:50	anónimo	30	21	julio	21/07/2026	Caucasia	Córdoba	125	175	50	132	43	0	232	0	0	1	0	0	0	0
98	21/07/2026 10:32	21/07/2026 10:34	anónimo	30	21	julio	21/07/2026	Valledupar	Valledupar	-112	188	300	40	128	20	856	11	0	1	7	1	0	Válvula averida 
99	21/07/2026 13:30	21/07/2026 13:33	anónimo	30	21	julio	21/07/2026	Cúcuta	Cúcuta	388	738	350	350	300	88	1552	12	1	0	14	0	1	0
100	22/07/2026 6:30	22/07/2026 6:31	anónimo	30	22	julio	22/07/2026	Santa Marta	Santa Marta	-40	360	400	30	296	34	400	0	0	0	0	0	0	.
101	22/07/2026 7:17	22/07/2026 7:18	anónimo	30	22	julio	22/07/2026	Fonseca 	Valledupar	54	94	40	20	73	1	264	0	0	1	2	0	1	No aplica 
102	22/07/2026 7:58	22/07/2026 8:00	anónimo	30	22	julio	22/07/2026	Cúcuta	Cúcuta	265	615	350	264	263	88	1552	12	0	1	19	0	0	0
103	22/07/2026 7:13	22/07/2026 8:07	anónimo	30	22	julio	22/07/2026	Riohacha	Santa Marta	180	380	200	102	271	7	2186	6	0	1	4	0	1	N/A
104	22/07/2026 8:15	22/07/2026 8:18	anónimo	30	22	julio	22/07/2026	Corozal	Sincelejo	422	672	250	224	425	23	250	32	0	1	5	0	1	0
105	22/07/2026 8:44	22/07/2026 8:45	anónimo	30	22	julio	22/07/2026	Turbaco	Cartagena	319	719	400	200	499	20	1508	98	0	1	5	0	1	NO
106	22/07/2026 8:55	22/07/2026 8:59	anónimo	30	22	julio	22/07/2026	Curumaní	Valledupar	9	31	22	3	27	1	5	48	0	1	5	0	1	No tenemos Isotanque en mal estado. 
107	22/07/2026 9:00	22/07/2026 9:05	anónimo	30	22	julio	22/07/2026	Galapa	Barranquilla	378	928	550	0	906	22	0	1421	0	0	6	0	1	NA
108	22/07/2026 9:06	22/07/2026 9:07	anónimo	30	22	julio	22/07/2026	Magangué	Sincelejo	145	195	50	169	26	0	220	0	0	1	2	0	1	0
109	22/07/2026 9:30	22/07/2026 9:32	anónimo	30	22	julio	22/07/2026	Valledupar	Valledupar	25	325	300	90	215	20	856	19	0	1	7	1	0	Válvula avería 
110	22/07/2026 9:32	22/07/2026 9:33	anónimo	30	22	julio	22/07/2026	Apartadó	Córdoba	104	109	5	0	109	0	286	0	0	2	0	2	0	rotos 
111	22/07/2026 9:37	22/07/2026 9:38	anónimo	30	22	julio	22/07/2026	Montería	Córdoba	4	204	200	204	0	0	440	0	1	0	2	0	0	N/A
112	22/07/2026 11:07	22/07/2026 11:07	anónimo	30	22	julio	22/07/2026	Caucasia	Córdoba	179	229	50	131	98	0	232	0	0	1	0	0	0	0
113	23/07/2026 7:40	23/07/2026 7:43	anónimo	30	23	julio	23/07/2026	Cúcuta	Cúcuta	354	704	350	440	264	0	1552	12	1	0	21	1	0	se observa que gotea demasiado y el producto vertido se riega
114	23/07/2026 8:56	23/07/2026 8:57	anónimo	30	23	julio	23/07/2026	Caucasia	Córdoba	184	234	50	198	36	0	232	0	0	1	0	0	0	0
115	23/07/2026 9:11	23/07/2026 9:12	anónimo	30	23	julio	23/07/2026	Corozal	Sincelejo	335	585	250	160	425	0	250	25	1	1	6	0	1	0
116	23/07/2026 10:45	23/07/2026 10:48	anónimo	30	23	julio	23/07/2026	Turbaco	Cartagena	351	751	400	300	431	20	1508	38	0	1	5	0	1	NO
117	24/07/2026 7:15	24/07/2026 7:17	anónimo	30	24	julio	24/07/2026	Turbaco	Cartagena	178	578	400	200	358	20	1508	38	0	1	5	0	1	NO
118	24/07/2026 8:00	24/07/2026 8:05	anónimo	30	24	julio	24/07/2026	Corozal	Sincelejo	763	1013	250	585	425	3	250	22	1	1	6	0	1	0
119	24/07/2026 8:17	24/07/2026 8:18	anónimo	30	24	julio	24/07/2026	Curumaní	Valledupar	44	66	22	5	57	4	5	48	1	1	5	0	1	No tenemos Isotanque en avería. 
120	24/07/2026 8:34	24/07/2026 8:36	anónimo	30	24	julio	24/07/2026	Magangué	Sincelejo	77	127	50	101	26	0	220	0	0	1	2	0	1	0
121	24/07/2026 7:21	24/07/2026 8:54	anónimo	30	24	julio	24/07/2026	Riohacha	Santa Marta	220	420	200	110	304	6	2186	9	1	1	7	1	0	1
122	24/07/2026 9:03	24/07/2026 9:04	anónimo	30	24	julio	24/07/2026	Apartadó	Córdoba	158	163	5	0	152	11	286	3	0	2	0	2	0	rotos
123	24/07/2026 9:12	24/07/2026 9:12	anónimo	30	24	julio	24/07/2026	Cúcuta	Cúcuta	284	634	350	616	0	18	1552	29	1	0	20	0	1	7
124	24/07/2026 8:41	24/07/2026 9:22	anónimo	30	24	julio	24/07/2026	Valledupar	Valledupar	-4	296	300	96	180	20	856	20	0	1	7	1	1	Válvula averiada 
125	24/07/2026 9:36	24/07/2026 9:37	anónimo	30	24	julio	24/07/2026	Montería	Córdoba	-175	25	200	25	0	0	440	0	1	0	2	0	0	n/a
126	24/07/2026 10:07	24/07/2026 10:08	anónimo	30	24	julio	24/07/2026	Caucasia	Córdoba	180	230	50	198	32	0	232	0	0	1	0	0	0	0
127	24/07/2026 10:14	24/07/2026 10:16	anónimo	30	24	julio	24/07/2026	Santa Marta	Santa Marta	-240	160	400	15	110	35	5459	3	0	0	0	0	0	0
128	24/07/2026 10:22	24/07/2026 10:23	anónimo	30	24	julio	24/07/2026	Santa Marta	Santa Marta	-124	276	400	14	226	36	400	2	0	0	0	0	0	.
129	24/07/2026 10:26	24/07/2026 10:27	anónimo	30	24	julio	24/07/2026	Arenosa	Barranquilla	3272	3572	300	420	3152	0	4000	6	0	0	2	0	2	0
130	24/07/2026 10:33	24/07/2026 10:34	anónimo	30	24	julio	24/07/2026	Fonseca 	Valledupar	61	101	40	20	80	1	264	0	0	1	2	0	1	No aplica
131	25/07/2026 8:27	25/07/2026 8:28	anónimo	30	25	julio	25/07/2026	Turbaco	Cartagena	356	756	400	300	436	20	1508	38	0	1	5	0	1	NO
132	27/07/2026 6:27	27/07/2026 6:28	anónimo	31	27	julio	27/07/2026	Santa Marta	Santa Marta	-112	288	400	20	246	22	400	0	0	0	0	0	0	.
133	27/07/2026 6:55	27/07/2026 6:56	anónimo	31	27	julio	27/07/2026	Turbaco	Cartagena	356	756	400	300	432	24	1508	49	0	1	5	0	1	NO
134	27/07/2026 7:39	27/07/2026 7:42	anónimo	31	27	julio	27/07/2026	Turbaco	Cartagena	332	732	400	400	332	0	1580	21	1	1	4	0	1	Sin novedad
135	27/07/2026 7:55	27/07/2026 7:56	anónimo	31	27	julio	27/07/2026	Galapa	Barranquilla	-32	518	550	0	191	327	0	0	0	0	6	0	1	NA
136	27/07/2026 7:59	27/07/2026 8:00	anónimo	31	27	julio	27/07/2026	Corozal	Sincelejo	810	1060	250	632	425	3	250	20	2	1	5	0	0	0
137	27/07/2026 8:05	27/07/2026 8:06	anónimo	31	27	julio	27/07/2026	Curumaní	Valledupar	73	95	22	5	86	4	4	42	0	1	8	0	1	No tenemos Isotanque en mal estado. 
138	27/07/2026 8:10	27/07/2026 8:13	anónimo	31	27	julio	27/07/2026	Magangué	Sincelejo	36	86	50	55	31	0	220	0	0	1	2	1	1	0
139	27/07/2026 8:44	27/07/2026 8:51	anónimo	31	27	julio	27/07/2026	Apartadó	Córdoba	292	297	5	0	286	11	286	3	0	2	0	2	0	rotos
140	27/07/2026 9:29	27/07/2026 9:32	anónimo	31	27	julio	27/07/2026	Fonseca 	Valledupar	142	182	40	60	121	1	264	0	0	1	2	0	1	No aplica
141	27/07/2026 8:17	27/07/2026 9:43	anónimo	31	27	julio	27/07/2026	Riohacha	Santa Marta	338	538	200	182	355	1	2186	6	0	1	4	0	1	N/A
142	27/07/2026 9:56	27/07/2026 10:00	anónimo	31	27	julio	27/07/2026	Valledupar	Valledupar	212	512	300	60	432	20	856	18	0	1	7	1	0	Válvula averida 
143	27/07/2026 10:01	27/07/2026 10:02	anónimo	31	27	julio	27/07/2026	Montería	Córdoba	126	326	200	326	0	0	440	0	1	0	3	0	0	n/a
144	27/07/2026 10:34	27/07/2026 10:35	anónimo	31	27	julio	27/07/2026	Cúcuta	Cúcuta	128	478	350	374	88	16	1552	32	9	0	10	1	1	7
145	27/07/2026 10:47	27/07/2026 10:49	anónimo	31	27	julio	27/07/2026	Arenosa	Barranquilla	4249	4549	300	262	4287	0	5000	5	0	0	2	0	2	0
146	27/07/2026 15:26	27/07/2026 15:26	anónimo	31	27	julio	27/07/2026	Caucasia	Córdoba	147	197	50	165	32	0	232	0	0	1	0	0	0	0
147	28/07/2026 8:48	28/07/2026 8:49	anónimo	31	28	julio	28/07/2026	Turbaco	Cartagena	355	755	400	300	431	24	1508	68	0	1	5	0	1	NO
148	28/07/2026 8:38	28/07/2026 8:50	anónimo	31	28	julio	28/07/2026	Corozal	Sincelejo	970	1220	250	792	425	3	250	127	2	1	5	0	1	0
149	28/07/2026 10:25	28/07/2026 10:29	anónimo	31	28	julio	28/07/2026	Magangué	Sincelejo	102	152	50	130	22	0	220	0	0	1	2	0	1	0
150	28/07/2026 12:21	28/07/2026 12:23	anónimo	31	28	julio	28/07/2026	Santa Marta	Santa Marta	-111	289	400	23	221	45	5469	0	0	0	0	0	0	0
151	29/07/2026 6:35	29/07/2026 6:38	anónimo	31	29	julio	29/07/2026	Fonseca 	Valledupar	198	238	40	70	166	2	264	0	0	1	2	0	1	No aplica
152	29/07/2026 7:07	29/07/2026 7:08	anónimo	31	29	julio	29/07/2026	Santa Marta	Santa Marta	-50	350	400	28	292	30	400	0	0	0	0	0	0	.
153	29/07/2026 7:17	29/07/2026 7:18	anónimo	31	29	julio	29/07/2026	Corozal	Sincelejo	640	890	250	462	425	3	250	132	2	1	6	0	1	0
154	29/07/2026 8:26	29/07/2026 8:28	anónimo	31	29	julio	29/07/2026	Turbaco	Cartagena	679	1079	400	400	655	24	1508	83	0	1	5	0	1	NO
155	29/07/2026 7:08	29/07/2026 8:59	anónimo	31	29	julio	29/07/2026	Riohacha	Santa Marta	207	407	200	118	289	0	2186	11	0	1	8	0	1	N/A
156	29/07/2026 8:31	29/07/2026 9:05	anónimo	31	29	julio	29/07/2026	Magangué	Sincelejo	59	109	50	82	27	0	220	0	0	1	2	0	1	0
157	29/07/2026 9:08	29/07/2026 9:09	anónimo	31	29	julio	29/07/2026	Curumaní	Valledupar	98	120	22	6	110	4	5	40	1	1	7	0	1	No tenemos Isotanque en mal estado. 
158	29/07/2026 9:24	29/07/2026 9:27	anónimo	31	29	julio	29/07/2026	Apartadó	Córdoba	330	335	5	0	335	0	286	3	0	2	0	2	0	ROTOS 
159	29/07/2026 9:28	29/07/2026 9:29	anónimo	31	29	julio	29/07/2026	Turbaco	Cartagena	655	1055	400	500	555	0	1518	23	1	1	4	0	1	Sin novedad
160	29/07/2026 9:24	29/07/2026 9:33	anónimo	31	29	julio	29/07/2026	Cúcuta	Cúcuta	409	759	350	352	308	99	1552	115	1	1	4	0	2	0
161	29/07/2026 9:47	29/07/2026 9:47	anónimo	31	29	julio	29/07/2026	Galapa	Barranquilla	308	858	550	0	660	198	0	2835	0	1	5	0	1	NA
162	29/07/2026 10:00	29/07/2026 10:06	anónimo	31	29	julio	29/07/2026	Valledupar	Valledupar	187	487	300	90	377	20	856	20	1	1	3	4	2	Válvula averiada 
163	29/07/2026 10:06	29/07/2026 10:07	anónimo	31	29	julio	29/07/2026	Montería	Córdoba	53	253	200	253	0	0	440	0	0	0	2	0	0	N/A
182	3/08/2026 7:27	3/08/2026 7:28	anónimo	32	3	agosto	3/08/2026	Turbaco	Cartagena	855	1255	400	500	727	28	1580	21	1	1	3	0	1	Sin novedad
183	3/08/2026 7:47	3/08/2026 7:50	anónimo	32	3	agosto	3/08/2026	Magangué	Sincelejo	126	176	50	146	30	0	220	0	0	1	2	0	1	0
184	3/08/2026 7:58	3/08/2026 8:08	anónimo	32	3	agosto	3/08/2026	Riohacha	Santa Marta	309	509	200	169	339	1	2186	4	1	1	6	1	1	Rotura
185	3/08/2026 8:11	3/08/2026 8:18	anónimo	32	3	agosto	3/08/2026	Corozal	Sincelejo	397	647	250	205	425	17	250	72	5	1	2	0	1	0
186	3/08/2026 8:22	3/08/2026 8:24	anónimo	32	3	agosto	3/08/2026	Curumaní	Valledupar	134	156	22	8	141	7	3	24	1	1	6	0	1	No tenemos Isotanque en mal estado. 
187	3/08/2026 8:43	3/08/2026 8:44	anónimo	32	3	agosto	3/08/2026	Galapa	Barranquilla	594	1144	550	0	908	236	0	2	1	1	4	0	1	N/A
188	3/08/2026 8:44	3/08/2026 8:46	anónimo	32	3	agosto	3/08/2026	Valledupar	Valledupar	198	498	300	100	378	20	856	0	0	1	2	2	0	Válvula averida 
189	3/08/2026 9:14	3/08/2026 9:18	anónimo	32	3	agosto	3/08/2026	Fonseca 	Valledupar	181	221	40	75	145	1	264	0	0	1	2	0	1	No aplica
190	3/08/2026 9:20	3/08/2026 9:21	anónimo	32	3	agosto	3/08/2026	Apartadó	Córdoba	193	243	50	0	243	0	286	5	0	2	5	2	0	rotos 
191	3/08/2026 11:03	3/08/2026 11:05	anónimo	32	3	agosto	3/08/2026	Arenosa	Barranquilla	2819	3119	300	440	2679	0	3000	38	0	0	2	0	2	0
192	3/08/2026 12:52	3/08/2026 12:53	anónimo	32	3	agosto	3/08/2026	Santa Marta	Santa Marta	-167	233	400	36	142	55	5459	0	0	0	0	0	0	Na
193	3/08/2026 14:33	3/08/2026 14:33	anónimo	32	3	agosto	3/08/2026	Caucasia	Córdoba	181	231	50	198	33	0	0	0	0	1	0	0	0	0
194	3/08/2026 14:32	3/08/2026 14:34	anónimo	32	3	agosto	3/08/2026	Cúcuta	Cúcuta	321	671	350	399	250	22	1552	88	1	0	7	0	2	
195	3/08/2026 14:48	3/08/2026 14:49	anónimo	32	3	agosto	3/08/2026	Montería	Córdoba	41	241	200	241	0	0	440	0	0	0	2	0	0	n/a
199	5/08/2026 7:06	5/08/2026 7:07	anónimo	32	5	agosto	5/08/2026	Fonseca 	Valledupar	28	68	40	15	52	1	264	0	0	1	2	0	1	No aplica 
200	5/08/2026 8:32	5/08/2026 8:33	anónimo	32	5	agosto	5/08/2026	Galapa	Barranquilla	554	1104	550	0	854	250	0	9	2	1	3	0	1	N/A
201	5/08/2026 8:39	5/08/2026 8:40	anónimo	32	5	agosto	5/08/2026	Cúcuta	Cúcuta	382	732	350	559	132	41	1552	115	9	0	0	0	2	0
202	5/08/2026 8:45	5/08/2026 8:49	anónimo	32	5	agosto	5/08/2026	Curumaní	Valledupar	207	229	22	7	216	6	4	21	0	1	6	0	1	No tenemos Isotanques en mal estado. 
203	5/08/2026 8:55	5/08/2026 8:56	anónimo	32	5	agosto	5/08/2026	Corozal	Sincelejo	416	666	250	247	402	17	250	89	4	1	2	0	1	0
204	5/08/2026 9:08	5/08/2026 9:13	anónimo	32	5	agosto	5/08/2026	Turbaco	Cartagena	592	992	400	400	536	56	1508	55	2	1	3	0	0	N/A
205	5/08/2026 9:29	5/08/2026 9:29	anónimo	32	5	agosto	5/08/2026	Apartadó	Córdoba	271	321	50	0	321	0	286	5	0	2	5	2	0	rotos
206	5/08/2026 9:39	5/08/2026 9:41	anónimo	32	5	agosto	5/08/2026	Valledupar	Valledupar	375	675	300	120	535	20	856	25	0	1	6	2	0	Válvula averida 
207	5/08/2026 9:55	5/08/2026 9:55	anónimo	32	5	agosto	5/08/2026	Magangué	Sincelejo	143	193	50	163	30	0	220	0	0	1	2	0	1	0
208	5/08/2026 7:56	5/08/2026 10:18	anónimo	32	5	agosto	5/08/2026	Riohacha	Santa Marta	176	376	200	87	287	2	2186	5	0	1	8	0	0	N/A
209	5/08/2026 10:29	5/08/2026 10:32	anónimo	32	5	agosto	5/08/2026	Arenosa	Barranquilla	3461	3761	300	730	3031	0	4000	38	0	0	2	0	0	0
210	5/08/2026 10:42	5/08/2026 10:43	anónimo	32	5	agosto	5/08/2026	Caucasia	Córdoba	179	229	50	196	33	0	232	0	0	1	0	0	0	0
211	5/08/2026 10:56	5/08/2026 11:00	anónimo	32	5	agosto	5/08/2026	Montería	Córdoba	-64	136	200	136	0	0	440	3	0	1	1	0	1	7
212	5/08/2026 11:22	5/08/2026 11:24	anónimo	32	5	agosto	5/08/2026	Santa Marta	Santa Marta	-221	179	400	16	86	77	5459	19	0	0	0	0	0	Na
224	10/08/2026 7:32	10/08/2026 7:33	anónimo	33	10	agosto	10/08/2026	Montería	Córdoba	179	379	200	379	0	0	440	2 	0	1	1	0	1	N/A
225	10/08/2026 7:46	10/08/2026 7:48	anónimo	33	10	agosto	10/08/2026	Santa Marta	Santa Marta	16	416	400	25	238	153	5459	0	0	0	0	0	0	Na
227	10/08/2026 8:16	10/08/2026 8:16	anónimo	33	10	agosto	10/08/2026	Arenosa	Barranquilla	2889	3189	300	900	2289	0	4000	43	1	0	1	0	2	0
228	10/08/2026 8:37	10/08/2026 8:38	anónimo	33	10	agosto	10/08/2026	Corozal	Sincelejo	1381	1631	250	1212	402	17	250	75	5	1	2	1	1	REGULADOR LADO INFERIOR FILTRACION DE LIQUIDO
229	10/08/2026 8:47	10/08/2026 8:49	anónimo	33	10	agosto	10/08/2026	Fonseca 	Valledupar	87	127	40	36	90	1	264	0	0	1	2	0	1	No aplica 
230	10/08/2026 8:45	10/08/2026 8:53	anónimo	33	10	agosto	10/08/2026	Curumaní	Valledupar	40	62	22	4	55	3	19	19	0	1	6	0	1	No tenemos Isotanques en mal estado. 
231	10/08/2026 9:16	10/08/2026 9:18	anónimo	33	10	agosto	10/08/2026	Riohacha	Santa Marta	369	569	200	195	371	3	1800	6	3	1	5	0	1	N/A
232	10/08/2026 9:18	10/08/2026 9:18	anónimo	33	10	agosto	10/08/2026	Magangué	Sincelejo	182	232	50	194	38	0	220	0	0	1	2	0	1	0
233	10/08/2026 9:57	10/08/2026 9:59	anónimo	33	10	agosto	10/08/2026	Turbaco	Cartagena	850	1250	400	500	747	3	1580	24	1	1	3	0	1	Sin novedad
234	10/08/2026 9:55	10/08/2026 10:35	anónimo	33	10	agosto	10/08/2026	Apartadó	Córdoba	280	330	50	0	330	0	286	4	0	3	4	2	1	ROTOS 
235	10/08/2026 13:58	10/08/2026 14:19	anónimo	33	10	agosto	10/08/2026	Valledupar	Valledupar	840	1140	300	215	875	50	856	12	0	1	8	2	0	Válvula averida 
236	10/08/2026 15:21	10/08/2026 15:23	anónimo	33	10	agosto	10/08/2026	Caucasia	Córdoba	219	269	50	210	59	0	252	0	0	1	0	0	0	0
237	11/08/2026 8:11	11/08/2026 8:15	anónimo	33	11	agosto	11/08/2026	Turbaco	Cartagena	584	984	400	479	500	5	1508	55	0	1	1	0	0	N/A
238	11/08/2026 8:27	11/08/2026 8:27	anónimo	33	11	agosto	11/08/2026	Magangué	Sincelejo	82	132	50	94	38	0	220	0	0	1	2	0	1	0
239	11/08/2026 12:32	11/08/2026 12:36	anónimo	33	11	agosto	11/08/2026	Corozal	Sincelejo	705	955	250	536	402	17	250	78	3	2	1	1	1	FUGA EN LA PARTE DE LA LLAVE
240	12/08/2026 8:25	12/08/2026 8:26	anónimo	33	12	agosto	12/08/2026	Fonseca 	Valledupar	121	161	40	40	120	1	264	0	0	1	2	0	1	No aplica 
241	12/08/2026 8:25	12/08/2026 8:26	anónimo	33	12	agosto	12/08/2026	Santa Marta	Santa Marta	-76	324	400	42	126	156	5459	20	0	0	0	0	0	Na
242	12/08/2026 8:02	12/08/2026 9:02	anónimo	33	12	agosto	12/08/2026	Riohacha	Santa Marta	106	306	200	95	207	4	1800	4	0	1	1	3	1	Rotura
243	12/08/2026 9:05	12/08/2026 9:06	anónimo	33	12	agosto	12/08/2026	Apartadó	Córdoba	368	418	50	0	418	0	286	4	0	3	4	2	0	rotos 
244	12/08/2026 9:12	12/08/2026 9:14	anónimo	33	12	agosto	12/08/2026	Curumaní	Valledupar	141	163	22	7	150	6	3	17	0	1	6	0	1	No tenemos Isotanque en mal estado 
245	12/08/2026 9:12	12/08/2026 9:15	anónimo	33	12	agosto	12/08/2026	Corozal	Sincelejo	642	892	250	473	402	17	250	81	2	1	2	1	1	NOVEDAD CON LA LLAVE, FUGA EN LA LLAVE DE ABAJO
246	12/08/2026 8:02	12/08/2026 9:21	anónimo	33	12	agosto	12/08/2026	Magangué	Sincelejo	56	106	50	94	12	0	220	0	0	0	2	0	1	0
247	12/08/2026 9:26	12/08/2026 9:27	anónimo	33	12	agosto	12/08/2026	Cúcuta	Cúcuta	541	891	350	528	308	55	1552	28	2	0	0	0	2	0
248	12/08/2026 10:39	12/08/2026 10:40	anónimo	33	12	agosto	12/08/2026	Valledupar	Valledupar	820	1120	300	250	820	50	856	8	1	1	7	2	1	Válvula averiada
249	12/08/2026 10:47	12/08/2026 10:54	anónimo	33	12	agosto	12/08/2026	Turbaco	Cartagena	894	1294	400	400	530	364	1508	91	0	1	1	0	1	NO
250	12/08/2026 12:58	12/08/2026 12:58	anónimo	33	12	agosto	12/08/2026	Montería	Córdoba	-53	147	200	147	0	0	440	0	0	0	1	0	0	N/A
251	12/08/2026 14:11	12/08/2026 14:12	anónimo	33	12	agosto	12/08/2026	Caucasia	Córdoba	397	447	50	212	196	39	252	0	0	1	0	0	0	0
252	12/08/2026 14:27	12/08/2026 14:28	anónimo	33	12	agosto	12/08/2026	Arenosa	Barranquilla	2601	2901	300	110	2791	0	3000	47	1	0	1	0	0	0
253	12/08/2026 18:15	12/08/2026 18:16	anónimo	33	12	agosto	12/08/2026	Galapa	Barranquilla	1232	1782	550	0	1456	326	350	9	1	1	4	0	2	0
254	12/08/2026 18:17	12/08/2026 18:18	anónimo	33	10	agosto	10/08/2026	Galapa	Barranquilla	820	1370	550	0	1056	314	350	9	1	1	4	0	2	0
255	12/08/2026 18:18	12/08/2026 18:20	anónimo	33	10	agosto	10/08/2026	Cúcuta	Cúcuta	20	370	350	336	0	34	500	36	1	0	0	0	0	0
259	14/08/2026 7:28	14/08/2026 7:28	anónimo	33	14	agosto	14/08/2026	Galapa	Barranquilla	1172	1722	550	1396	326	0	0	9	1	1	4	0	1	NA
260	15/08/2026 7:28	15/08/2026 7:28	anónimo	33	14	agosto	14/08/2026	Montería	Córdoba	-14	186	200	186	0	0	440	0	0	0	1	0	0	N/A
261	16/08/2026 7:28	16/08/2026 7:28	anónimo	33	14	agosto	14/08/2026	Magangué	Sincelejo	50	100	50	80	20	0	220	0	0	0	2	0	1	0
262	17/08/2026 7:28	17/08/2026 7:28	anónimo	33	14	agosto	14/08/2026	Curumaní	Valledupar	20	42	22	2	36	4	2	16	0	1	6	0	1	No tenemos Isotanques en mal estado o agrietado. 
263	18/08/2026 7:28	18/08/2026 7:28	anónimo	33	14	agosto	14/08/2026	Riohacha	Santa Marta	95	295	200	89	201	5	1800	2	0	1	6	0	1	N/A
264	19/08/2026 7:28	19/08/2026 7:28	anónimo	33	14	agosto	14/08/2026	Corozal	Sincelejo	457	707	250	288	402	17	250	82	2	2	2	1	1	FUGA EN LA LLAVE
265	20/08/2026 7:28	20/08/2026 7:28	anónimo	33	14	agosto	14/08/2026	Caucasia	Córdoba	276	326	50	235	91	0	282	0	0	1	0	0	0	0
266	21/08/2026 7:28	21/08/2026 7:28	anónimo	33	14	agosto	14/08/2026	Turbaco	Cartagena	878	1278	400	319	949	10	1508	55	0	1	1	2	0	Fallas en la llave de salida 
267	22/08/2026 7:28	22/08/2026 7:28	anónimo	33	14	agosto	14/08/2026	Apartadó	Córdoba	462	512	50	0	506	6	286	3	1	1	3	2	1	ROTOS
268	23/08/2026 7:28	23/08/2026 7:28	anónimo	33	14	agosto	14/08/2026	Arenosa	Barranquilla	1870	2170	300	440	1730	0	3000	50	1	0	1	0	0	0
269	24/08/2026 7:28	24/08/2026 7:28	anónimo	33	14	agosto	14/08/2026	Turbaco	Cartagena	878	1278	400	500	768	10	1580	18	1	1	2	0	1	Sin novedad de averiados.
270	25/08/2026 7:28	25/08/2026 7:28	anónimo	33	14	agosto	14/08/2026	Valledupar	Valledupar	746	1046	300	150	876	20	856	11	1	1	7	2	1	Válvula averida 
271	26/08/2026 7:28	26/08/2026 7:28	anónimo	33	14	agosto	14/08/2026	Santa Marta	Santa Marta	34	434	400	40	238	156	5459	20	0	0	0	0	0	Na
272	27/08/2026 7:28	27/08/2026 7:28	anónimo	33	14	agosto	14/08/2026	Cúcuta	Cúcuta	856	1206	350	1100	88	18	1552	21	0	0	10	0	2	0
273	28/08/2026 7:28	28/08/2026 7:28	anónimo	33	14	agosto	14/08/2026	Fonseca 	Valledupar	27	67	40	20	46	1	264	0	0	1	2	0	1	No aplica 
274	18/08/2026 10:10	18/08/2026 10:13	anónimo	34	18	agosto	18/08/2026	Curumaní	Valledupar	21	43	22	4	36	3	3	17	0	1	6	0	1	No tenemos Isotanque en mal estado 
275	18/08/2026 21:40	18/08/2026 21:41	anónimo	34	18	agosto	18/08/2026	Fonseca 	Valledupar	29	69	40	20	48	1	264	0	0	1	2	0	1	No aplica 
276	18/08/2026 8:40	18/08/2026 8:41	anónimo	34	18	agosto	18/08/2026	Santa Marta	Santa Marta	-193	207	400	20	172	15	5459	0	0	0	0	0	0	Na 
277	18/08/2026 8:47	18/08/2026 8:48	anónimo	34	18	agosto	18/08/2026	Galapa	Barranquilla	2071	2621	550	0	2291	330	0	9	1	1	4	0	1	NA
278	18/08/2026 8:54	18/08/2026 8:56	anónimo	34	18	agosto	18/08/2026	Riohacha	Santa Marta	65	265	200	88	173	4	1800	5	0	1	6	0	1	N/A
279	18/08/2026 8:56	18/08/2026 8:57	anónimo	34	18	agosto	18/08/2026	Magangué	Sincelejo	164	214	50	194	20	0	220	0	0	0	2	0	1	0
280	18/08/2026 8:58	18/08/2026 8:59	anónimo	34	18	agosto	18/08/2026	Arenosa	Barranquilla	1614	1914	300	440	1474	0	3000	67	1	0	1	0	0	0
281	18/08/2026 9:29	18/08/2026 9:30	anónimo	34	18	agosto	18/08/2026	Caucasia	Córdoba	20	70	50	36	34	0	252	0	0	1	0	0	0	0
282	18/08/2026 10:10	18/08/2026 10:11	anónimo	34	18	agosto	18/08/2026	Corozal	Sincelejo	725	975	250	551	407	17	250	58	4	1	3	0	2	No
283	18/08/2026 9:59	18/08/2026 10:13	anónimo	34	18	agosto	18/08/2026	Turbaco	Cartagena	822	1222	400	500	710	12	1580	11	1	1	2	0	1	Sin novedad
284	18/08/2026 10:08	18/08/2026 10:17	anónimo	34	18	agosto	18/08/2026	Valledupar	Valledupar	380	680	300	140	520	20	856	24	0	1	8	0	1	N/A
285	18/08/2026 10:26	18/08/2026 10:27	anónimo	34	18	agosto	18/08/2026	Montería	Córdoba	-6	194	200	194	0	0	440	3	1	1	0	0	7	N/A
286	18/08/2026 11:03	18/08/2026 11:04	anónimo	34	18	agosto	18/08/2026	Apartadó	Córdoba	134	184	50	0	174	10	286	4	1	1	3	2	0	ROTOS
287	18/08/2026 15:27	18/08/2026 15:29	anónimo	34	18	agosto	18/08/2026	Cúcuta	Cúcuta	1229	1579	350	1540	0	39	1552	13	2	0	4	1	2	0
319	24/08/2026 8:11	24/08/2026 8:11	anónimo	35	24	agosto	24/08/2026	Magangué	Sincelejo	140	190	50	160	21	9	220	0	0	0	2	0	1	0
320	24/08/2026 8:37	24/08/2026 8:37	anónimo	35	24	agosto	24/08/2026	Curumaní	Valledupar	196	218	22	7	203	8	2	16	0	1	6	0	1	No tenemos Isotanques en mal estado. 
321	24/08/2026 8:52	24/08/2026 8:53	anónimo	35	24	agosto	24/08/2026	Montería	Córdoba	248	448	200	437	0	11	440	1	0	1	1	0	1	n/a
322	24/08/2026 9:01	24/08/2026 9:03	anónimo	35	24	agosto	24/08/2026	Fonseca 	Valledupar	281	321	40	100	220	1	264	0	0	1	2	0	1	No aplica 
324	24/08/2026 9:13	24/08/2026 9:14	anónimo	35	24	agosto	24/08/2026	Cúcuta	Cúcuta	153	503	350	396	88	19	1552	13	0	0	17	0	2	0
325	24/08/2026 9:19	24/08/2026 9:22	anónimo	35	24	agosto	24/08/2026	Arenosa	Barranquilla	5116	5416	300	740	4676	0	4000	196	1	0	1	0	0	0
326	24/08/2026 9:39	24/08/2026 9:40	anónimo	35	24	agosto	24/08/2026	Caucasia	Córdoba	-39	11	50	6	5	0	252	0	1	0	0	0	0	0
327	24/08/2026 10:05	24/08/2026 10:08	anónimo	35	24	agosto	24/08/2026	Corozal	Sincelejo	413	663	250	250	409	4	250	32	4	2	3	1	2	FUGA EN LA LLAVE 
328	24/08/2026 10:41	24/08/2026 10:47	anónimo	35	24	agosto	24/08/2026	Apartadó	Córdoba	317	367	50	0	337	30	286	3	1	1	3	2	1	ROTOS
329	24/08/2026 10:46	24/08/2026 10:47	anónimo	35	24	agosto	24/08/2026	Santa Marta	Santa Marta	11	411	400	40	323	48	5459	12	0	0	0	0	1	Na
330	24/08/2026 10:55	24/08/2026 10:56	anónimo	35	24	agosto	24/08/2026	Valledupar	Valledupar	-206	94	300	0	94	0	856	5	1	1	6	1	2	Válvula averida 
331	23/08/2026 22:12	24/08/2026 10:59	anónimo	35	24	agosto	24/08/2026	Riohacha	Santa Marta	47	247	200	74	170	3	1800	8	1	1	5	0	1	N/A
332	24/08/2026 11:00	24/08/2026 11:02	anónimo	35	24	agosto	24/08/2026	Turbaco	Cartagena	449	849	400	500	349	0	1580	24	1	1	2	0	1	Sin novedad
333	24/08/2026 14:51	24/08/2026 14:52	anónimo	35	24	agosto	24/08/2026	Galapa	Barranquilla	3168	3718	550	0	3377	341	400	0	3	0	3	0	2	
337	26/08/2026 7:39	26/08/2026 7:40	anónimo	35	26	agosto	26/08/2026	Magangué	Sincelejo	87	137	50	116	21	0	0	0	0	0	2	0	1	0
338	26/08/2026 8:13	26/08/2026 8:14	anónimo	35	26	agosto	26/08/2026	Montería	Córdoba	173	373	200	346	0	27	440	2	1	1	0	0	1	N/A
339	26/08/2026 8:15	26/08/2026 8:15	anónimo	35	26	agosto	26/08/2026	Cúcuta	Cúcuta	-41	309	350	198	80	31	1552	11	0	0	17	0	2	0
340	26/08/2026 8:34	26/08/2026 8:35	anónimo	35	26	agosto	26/08/2026	Fonseca 	Valledupar	60	100	40	25	74	1	264	0	0	1	2	0	1	No aplica
341	26/08/2026 9:00	26/08/2026 9:02	anónimo	35	26	agosto	26/08/2026	Corozal	Sincelejo	357	607	250	296	307	4	250	103	2	2	7	1	4	fuga en la llave
343	26/08/2026 9:14	26/08/2026 9:17	anónimo	35	26	agosto	26/08/2026	Curumaní	Valledupar	47	69	22	2	63	4	2	14	0	1	6	0	1	No tenemos Isotanque en mal estado. 
344	26/08/2026 9:15	26/08/2026 9:18	anónimo	35	26	agosto	26/08/2026	Apartadó	Córdoba	277	327	50	0	297	30	286	3	1	1	2	1	1	ROTO
345	26/08/2026 9:25	26/08/2026 9:27	anónimo	35	26	agosto	26/08/2026	Galapa	Barranquilla	2707	3257	550	0	2916	341	0	0	3	0	3	0	1	NA
346	26/08/2026 9:33	26/08/2026 9:34	anónimo	35	26	agosto	26/08/2026	Santa Marta	Santa Marta	-164	236	400	12	130	94	5459	8	0	0	0	0	0	Na
347	26/08/2026 9:33	26/08/2026 9:34	anónimo	35	26	agosto	26/08/2026	Riohacha	Santa Marta	7	207	200	62	140	5	1800	2	1	0	0	0	0	N\A
348	26/08/2026 9:36	26/08/2026 9:36	anónimo	35	26	agosto	26/08/2026	Caucasia	Córdoba	-43	7	50	3	4	0	252	0	0	1	0	0	0	0
349	26/08/2026 10:07	26/08/2026 10:09	anónimo	35	26	agosto	26/08/2026	Turbaco	Cartagena	1145	1545	400	500	1026	19	1580	9	1	1	2	0	1	Sin novedad
350	26/08/2026 10:59	26/08/2026 11:05	anónimo	35	26	agosto	26/08/2026	Arenosa	Barranquilla	3460	3760	300	1000	2760	0	4000	348	1	0	1	0	0	0
351	26/08/2026 11:46	26/08/2026 11:50	anónimo	35	26	agosto	26/08/2026	Valledupar	Valledupar	-20	280	300	80	180	20	856	10	1	1	8	1	0	Válvula averiada 
355	28/08/2026 7:49	28/08/2026 7:50	anónimo	35	28	agosto	28/08/2026	Turbaco	Cartagena	1335	1735	400	717	1000	18	1508	110	0	2	1	1	1	MAL ESTADO 
356	28/08/2026 8:05	28/08/2026 8:06	anónimo	35	28	agosto	28/08/2026	Montería	Córdoba	342	542	200	511	0	31	440	1	0	1	1	0	1	n/a
357	28/08/2026 8:35	28/08/2026 8:36	anónimo	35	28	agosto	28/08/2026	Galapa	Barranquilla	1720	2270	550	0	2256	14	0	302	3	1	2	0	1	N/A
358	28/08/2026 8:47	28/08/2026 8:49	anónimo	35	28	agosto	28/08/2026	Curumaní	Valledupar	50	72	22	5	58	9	7	75	0	1	5	0	1	No hay Isotanques en mal estado. 
359	28/08/2026 8:49	28/08/2026 8:52	anónimo	35	28	agosto	28/08/2026	Apartadó	Córdoba	223	273	50	0	273	0	286	3	2	1	3	1	0	roto
360	28/08/2026 9:17	28/08/2026 9:19	anónimo	35	28	agosto	28/08/2026	Valledupar	Valledupar	228	528	300	110	398	20	856	11	1	1	6	1	0	Válvula averida 
361	28/08/2026 9:22	28/08/2026 9:22	anónimo	35	28	agosto	28/08/2026	Magangué	Sincelejo	125	175	50	154	21	0	220	59	0	1	2	0	1	0
362	28/08/2026 9:41	28/08/2026 9:42	anónimo	35	28	agosto	28/08/2026	Corozal	Sincelejo	989	1239	250	730	505	4	250	103	1	2	6	1	1	FUGA EN LA LLAVE
363	28/08/2026 9:53	28/08/2026 9:54	anónimo	35	28	agosto	28/08/2026	Fonseca 	Valledupar	110	150	40	47	102	1	264	0	0	1	0	0	1	No aplica 
364	28/08/2026 10:04	28/08/2026 10:06	anónimo	35	28	agosto	28/08/2026	Santa Marta	Santa Marta	-169	231	400	33	138	60	5459	17	0	0	0	0	1	Na
365	28/08/2026 7:56	28/08/2026 10:10	anónimo	35	28	agosto	28/08/2026	Riohacha	Santa Marta	80	280	200	96	180	4	1800	4	1	1	0	0	0	N/A
366	28/08/2026 10:26	28/08/2026 10:30	anónimo	35	28	agosto	28/08/2026	Cúcuta	Cúcuta	291	641	350	572	22	47	1552	420	2	0	14	0	2	0
367	28/08/2026 11:44	28/08/2026 11:45	anónimo	35	28	agosto	28/08/2026	Caucasia	Córdoba	-43	7	50	3	4	0	252	0	0	1	0	0	0	0
368	28/08/2026 13:29	28/08/2026 13:31	anónimo	35	28	agosto	28/08/2026	Arenosa	Barranquilla	3480	3780	300	1740	2040	0	4000	358	1	0	1	0	0	0
370	31/08/2026 8:03	31/08/2026 8:04	anónimo	36	31	agosto	31/08/2026	Galapa	Barranquilla	2295	2845	550	176	2640	29	0	300	3	1	2	0	1	N/a
371	31/08/2026 8:22	31/08/2026 8:23	anónimo	36	31	agosto	31/08/2026	Montería	Córdoba	559	759	200	722	0	37	440	3	0	1	1	0	1	n/a
372	31/08/2026 8:23	31/08/2026 8:26	anónimo	36	31	agosto	31/08/2026	Magangué	Sincelejo	61	111	50	95	16	0	220	0	0	1	0	0	1	0
373	31/08/2026 8:40	31/08/2026 8:41	anónimo	36	31	agosto	31/08/2026	Fonseca 	Valledupar	116	156	40	45	110	1	264	0	0	1	0	0	1	No aplica 
374	31/08/2026 8:44	31/08/2026 8:46	anónimo	36	31	agosto	31/08/2026	Corozal	Sincelejo	827	1077	250	568	505	4	250	92	1	2	5	1	2	fuga en la llave
375	31/08/2026 8:47	31/08/2026 8:54	anónimo	36	31	agosto	31/08/2026	Curumaní	Valledupar	102	124	22	6	110	8	5	50	0	1	5	0	1	No tenemos Isotanque en mal estado.
378	31/08/2026 8:16	31/08/2026 9:38	anónimo	36	31	agosto	31/08/2026	Riohacha	Santa Marta	-33	167	200	65	97	5	1800	9	1	1	5	0	1	N/A
379	31/08/2026 10:01	31/08/2026 10:02	anónimo	36	31	agosto	31/08/2026	Caucasia	Córdoba	-44	6	50	3	3	0	252	0	0	1	0	0	0	0
380	31/08/2026 10:09	31/08/2026 10:10	anónimo	36	31	agosto	31/08/2026	Turbaco	Cartagena	2201	2601	400	400	2201	0	1584	16	1	1	6	0	1	Sin novedad
381	31/08/2026 9:16	31/08/2026 10:51	anónimo	36	31	agosto	31/08/2026	Valledupar	Valledupar	404	704	300	90	594	20	856	70	1	1	6	1	0	Válvula averida 
382	31/08/2026 10:50	31/08/2026 10:52	anónimo	36	31	agosto	31/08/2026	Santa Marta	Santa Marta	-136	264	400	10	234	20	5459	20	1	1	0	0	1	Na
383	31/08/2026 10:55	31/08/2026 10:56	anónimo	36	31	agosto	31/08/2026	Cúcuta	Cúcuta	563	913	350	836	22	55	1552	421	3	0	11	0	2	0
384	31/08/2026 11:14	31/08/2026 11:18	anónimo	36	31	agosto	31/08/2026	Arenosa	Barranquilla	3944	4244	300	1490	2754	0	4000	358	0	0	1	0	0	0
385	31/08/2026 11:44	31/08/2026 11:46	anónimo	36	31	agosto	31/08/2026	Apartadó	Córdoba	152	202	50	0	202	0	286	3	0	1	7	1	1	roto
388	2/09/2026 7:25	2/09/2026 7:26	anónimo	36	2	septiembre	2/09/2026	Montería	Córdoba	24	224	200	187	0	37	440	3	0	0	0	0	0	n/a
389	2/09/2026 7:52	2/09/2026 7:53	anónimo	36	2	septiembre	2/09/2026	Turbaco	Cartagena	2832	3232	400	1500	1714	18	1508	110	0	2	10	1	1	MAL ESTADO 
390	2/09/2026 7:54	2/09/2026 7:55	anónimo	36	2	septiembre	2/09/2026	Cúcuta	Cúcuta	95	445	350	352	22	71	1552	401	1	0	14	0	2	0
391	2/09/2026 8:11	2/09/2026 8:13	anónimo	36	2	septiembre	2/09/2026	Corozal	Sincelejo	989	1239	250	725	505	9	250	79	1	2	8	0	2	0
392	2/09/2026 8:25	2/09/2026 8:25	anónimo	36	2	septiembre	2/09/2026	Galapa	Barranquilla	2253	2803	550	22	2703	78	0	299	2	1	1	0	1	N/a
393	2/09/2026 9:04	2/09/2026 9:06	anónimo	36	2	septiembre	2/09/2026	Curumaní	Valledupar	130	152	22	6	138	8	4	48	0	1	4	0	1	No tenemos Isotanque en mal estado 
394	2/09/2026 9:36	2/09/2026 9:37	anónimo	36	2	septiembre	2/09/2026	Magangué	Sincelejo	97	147	50	121	26	0	220	0	0	1	0	0	1	0
395	2/09/2026 9:53	2/09/2026 9:54	anónimo	36	2	septiembre	2/09/2026	Apartadó	Córdoba	373	423	50	0	423	0	286	3	0	1	6	2	0	rotos
396	2/09/2026 10:52	2/09/2026 10:53	anónimo	36	2	septiembre	2/09/2026	Caucasia	Córdoba	-36	14	50	5	9	0	252	0	0	1	0	0	0	0
397	2/09/2026 11:18	2/09/2026 11:20	anónimo	36	2	septiembre	2/09/2026	Valledupar	Valledupar	597	897	300	90	787	20	856	70	1	1	6	1	1	Válvula averida
398	2/09/2026 11:34	2/09/2026 11:40	anónimo	36	2	septiembre	2/09/2026	Santa Marta	Santa Marta	11	411	400	23	376	12	5459	0	0	0	4	0	0	Na
399	2/09/2026 12:08	2/09/2026 12:09	anónimo	36	2	septiembre	2/09/2026	Fonseca 	Valledupar	159	199	40	68	130	1	264	0	0	1	0	0	1	No aplica 
400	2/09/2026 13:11	2/09/2026 13:15	anónimo	36	2	septiembre	2/09/2026	Arenosa	Barranquilla	3043	3343	300	1720	1623	0	4000	376	0	0	1	0	0	0
401	2/09/2026 14:00	2/09/2026 14:02	anónimo	36	2	septiembre	2/09/2026	Riohacha	Santa Marta	47	247	200	88	154	5	100	0	0	1	2	0	1	NA
406	4/09/2026 7:42	4/09/2026 7:44	anónimo	36	4	septiembre	4/09/2026	Magangué	Sincelejo	69	119	50	98	21	0	220	34	0	1	0	0	1	0
407	4/09/2026 8:28	4/09/2026 8:29	anónimo	36	4	septiembre	4/09/2026	Montería	Córdoba	124	324	200	275	0	49	440	4	2	0	1	0	0	n/a
408	4/09/2026 8:39	4/09/2026 8:41	anónimo	36	4	septiembre	4/09/2026	Fonseca 	Valledupar	296	336	40	105	230	1	264	0	0	1	2	0	1	No aplica 
409	4/09/2026 8:57	4/09/2026 8:59	anónimo	36	4	septiembre	4/09/2026	Curumaní	Valledupar	181	203	22	6	189	8	6	46	0	1	5	0	1	No tenemos Isotanques en mal estado. 
410	4/09/2026 9:29	4/09/2026 9:31	anónimo	36	4	septiembre	4/09/2026	Turbaco	Cartagena	1734	2134	400	500	1614	20	1584	16	1	1	6	0	1	Sin novedad.
411	4/09/2026 9:38	4/09/2026 9:38	anónimo	36	4	septiembre	4/09/2026	Galapa	Barranquilla	1883	2433	550	15	2340	78	0	298	2	1	1	0	1	N/a
412	4/09/2026 4:43	4/09/2026 9:50	anónimo	36	4	septiembre	4/09/2026	Riohacha	Santa Marta	130	330	200	129	197	4	1800	2	1	1	4	0	0	N/A
413	4/09/2026 9:53	4/09/2026 9:53	anónimo	36	4	septiembre	4/09/2026	Apartadó	Córdoba	574	624	50	0	624	0	286	3	0	1	6	2	0	ROTOS 
414	4/09/2026 9:55	4/09/2026 9:56	anónimo	36	4	septiembre	4/09/2026	Caucasia	Córdoba	-39	11	50	6	5	0	0	0	1	0	0	0	0	0
415	4/09/2026 9:57	4/09/2026 9:59	anónimo	36	4	septiembre	4/09/2026	Valledupar	Valledupar	-50	250	300	80	150	20	856	62	0	1	5	1	1	Válvulas averiadas
416	4/09/2026 10:03	4/09/2026 10:06	anónimo	36	4	septiembre	4/09/2026	Santa Marta	Santa Marta	-100	300	400	36	248	16	5459	7	1	0	0	1	0	No tiene válvula para cerrar 
417	4/09/2026 10:05	4/09/2026 10:08	anónimo	36	4	septiembre	4/09/2026	Corozal	Sincelejo	203	453	250	237	207	9	250	70	0	2	8	0	1	0
418	4/09/2026 11:22	4/09/2026 11:23	anónimo	36	4	septiembre	4/09/2026	Arenosa	Barranquilla	2091	2391	300	1356	1035	0	3000	398	0	0	1	0	0	0
419	4/09/2026 12:37	4/09/2026 12:38	anónimo	36	4	septiembre	4/09/2026	Cúcuta	Cúcuta	248	598	350	456	66	76	1552	401	1	0	14	0	2	0
421	7/09/2026 7:27	7/09/2026 7:29	anónimo	37	7	septiembre	7/09/2026	Fonseca 	Valledupar	317	357	40	120	236	1	264	0	0	1	0	0	1	No aplica 
422	7/09/2026 8:27	7/09/2026 8:30	anónimo	37	7	septiembre	7/09/2026	Corozal	Sincelejo	601	851	250	635	207	9	250	69	2	1	7	0	2	0
423	7/09/2026 8:06	7/09/2026 8:35	anónimo	37	7	septiembre	7/09/2026	Magangué	Sincelejo	111	161	50	135	26	0	220	25	0	1	0	1	1	0
424	7/09/2026 8:38	7/09/2026 8:39	anónimo	37	7	septiembre	7/09/2026	Galapa	Barranquilla	2409	2959	550	0	2874	85	0	298	0	1	1	0	1	N/a
425	7/09/2026 8:47	7/09/2026 8:48	anónimo	37	7	septiembre	7/09/2026	Curumaní	Valledupar	220	242	22	6	221	15	2	10	0	1	4	0	1	No, tenemos Isotanques en mal estado. 
426	7/09/2026 6:04	7/09/2026 8:58	anónimo	37	7	septiembre	7/09/2026	Arenosa	Barranquilla	1820	2120	300	930	1190	0	3000	415	0	0	1	0	0	0
428	7/09/2026 7:53	7/09/2026 10:04	anónimo	37	7	septiembre	7/09/2026	Riohacha	Santa Marta	139	339	200	102	231	6	1800	6	1	1	4	0	0	N/A
429	7/09/2026 10:02	7/09/2026 10:04	anónimo	37	7	septiembre	7/09/2026	Turbaco	Cartagena	2519	2919	400	500	2397	22	1580	13	1	1	6	0	1	sin novedad
430	7/09/2026 10:06	7/09/2026 10:09	anónimo	37	7	septiembre	7/09/2026	Montería	Córdoba	421	621	200	594	0	27	440	0	0	0	1	0	0	n/a
431	7/09/2026 10:16	7/09/2026 10:17	anónimo	37	7	septiembre	7/09/2026	Apartadó	Córdoba	459	509	50	0	509	0	286	3	0	0	7	2	0	ROTOS
432	7/09/2026 10:39	7/09/2026 10:40	anónimo	37	7	septiembre	7/09/2026	Caucasia	Córdoba	-39	11	50	6	5	0	252	0	1	0	0	0	0	0
433	7/09/2026 10:42	7/09/2026 10:45	anónimo	37	7	septiembre	7/09/2026	Valledupar	Valledupar	680	980	300	160	800	20	856	60	0	1	5	1	0	Válvula averiada 
434	7/09/2026 10:53	7/09/2026 10:53	anónimo	37	7	septiembre	7/09/2026	Santa Marta	Santa Marta	-25	375	400	25	312	38	5459	0	1	0	0	1	0	No le sirve la válvula 
435	7/09/2026 13:06	7/09/2026 13:07	anónimo	37	7	septiembre	7/09/2026	Cúcuta	Cúcuta	173	523	350	356	88	79	1552	399	2	0	12	0	2	2
